cbcc,20225041
jbbi,20222893
iihg,20220211
bcaa,20227061
hgag,20221869
jegg,20223374
hjcf,20220773
cdhj,20223722
aicf,20224623
fgdb,20225945
bcff,20222424
afhh,20223455
fhdc,20229990
ecbe,20223570
fadf,20227129
bhfa,20221268
gfjf,20224057
cahg,20223642
cbei,20226331
jfha,20227989
gedg,20224391
ejbb,20226546
bgae,20225150
dffc,20229496
ebjh,20228639
ehdf,20223060
hdfi,20228321
cibg,20221673
abga,20224105
hjfe,20229309
gbdd,20220493
fgig,20229705
deia,20227507
jjih,20228055
iicb,20223671
jefd,20220276
dahd,20226231
fdeb,20224373
fjeh,20223533
cfff,20225465
fghd,20220331
gjee,20220913
gjfh,20228095
dhdi,20225314
beac,20223384
hdih,20225294
jaeg,20228720
gdhh,20227670
hbgj,20228353
aiid,20228957
cdai,20228766
ehfb,20223792
jhgj,20221596
jjfi,20221859
bdgj,20221160
ccba,20224874
fidd,20220475
iifa,20224680
ihca,20223692
dabf,20229561
agfc,20220416
afia,20224895
fdgh,20220653
bjfc,20225408
ihgc,20227278
cfbd,20220901
eaeb,20224540
gccb,20223987
bega,20220969
cjhf,20228937
edfh,20228910
jhfg,20222028
fbah,20228141
iide,20228243
aghi,20229949
chig,20221809
didj,20225643
hjdi,20220399
bjah,20226929
ddaf,20227235
gbjb,20224014
hhdg,20229226
daig,20222881
jece,20222355
bbjg,20220502
cfcg,20226149
hfde,20225318
dhcf,20228687
dgjf,20224521
cfdj,20227753
icjg,20228342
hfjc,20222473
bdfg,20221517
bgeg,20223614
dfej,20229886
dbad,20224446
dfhi,20224737
dheb,20228132
icdi,20221361
bgjb,20222696
edig,20228301
cgch,20223732
fgfh,20226294
idgi,20227810
hdad,20229793
ajjh,20220849
ieab,20220143
ddij,20228830
gceh,20225622
iieh,20225340
igef,20221644
eefi,20226121
idhb,20226382
ajbd,20223114
bihh,20222807
hajh,20224922
ajhb,20224935
jgbd,20226962
afjd,20226522
babb,20221249
jjhe,20220274
fbba,20220896
agba,20220537
cjii,20229335
aiaj,20224177
bcec,20225711
jbgd,20224068
cacb,20226229
aagj,20227140
efca,20220561
djda,20226565
ecab,20220447
fjcb,20225368
ahfd,20229222
jadd,20228018
beci,20227718
ejdh,20229980
jbeh,20229725
ifac,20222648
jcge,20224719
abig,20226103
dhbc,20226578
biei,20222176
chhd,20227098
afge,20223668
fafb,20229694
gfea,20224006
gdia,20223941
heeg,20228996
hcfh,20224544
bgca,20220139
fbje,20222797
acgb,20228144
ghaa,20228700
eagh,20228116
cfgi,20223672
gcfa,20227174
gjig,20223328
fabj,20221712
jdba,20223055
ddhg,20223935
bahj,20228829
dcgc,20229046
ghbd,20227632
hhba,20223037
ijdf,20221254
ghec,20227431
jhch,20228000
ighe,20225604
hhfc,20220127
gcgd,20222845
bbeb,20224470
cifi,20225032
fiae,20223932
febd,20221314
chac,20224052
bfgb,20226025
gadc,20229438
bbcf,20227957
jjad,20225862
jggi,20229589
idff,20220192
hghh,20226311
jdah,20221999
chfh,20229962
eaaj,20224720
ibic,20222583
fbgf,20228690
jbcb,20227751
ajaa,20227105
agdg,20222638
ehjd,20223677
cbag,20225524
ejhj,20223484
ghjh,20225836
aife,20228987
eacf,20224217
cefe,20222967
hfaf,20222867
fdha,20224258
bgfj,20224034
agje,20220240
badh,20228493
aeaf,20223845
cdfd,20228475
cccd,20222273
cjdd,20226752
dicg,20227538
ibhj,20223358
cegh,20221805
egfa,20226274
ifjj,20229287
bggc,20222705
dbgb,20227732
chci,20223991
edga,20221302
dgbb,20229633
gbeg,20226364
jhed,20226359
bdab,20223588
dajj,20220599
ecfg,20229744
fgbf,20221228
affb,20221430
eedc,20228989
dgfd,20224476
fgac,20224885
ajcg,20229567
ahjf,20229584
bhde,20222562
haff,20226487
dejd,20220045
bcgi,20224485
ifhd,20228977
cihe,20222770
hcdb,20221763
aebi,20228013
bidf,20228290
ejic,20229296
bedb,20228468
gdag,20222603
eehe,20226896
cbhh,20221212
iech,20225306
adgc,20221425
eeja,20223398
cgji,20225757
ddeh,20224005
gaef,20227148
dchf,20227887
bhjc,20220899
jhda,20225006
hddc,20224716
hahb,20226631
bjcd,20227924
hbhc,20224196
gehi,20221738
ffgj,20229665
fjfa,20222272
agib,20224875
hdhe,20220809
iefg,20222561
dcfj,20229075
jaii,20229092
cbbj,20228199
acbg,20224754
igdc,20223017
ajdj,20228200
bhij,20221897
jjbg,20228212
dbja,20229732
fdcf,20228907
cgbe,20226658
afdf,20228741
fifj,20220962
fcbb,20225999
eegb,20229815
bejj,20222700
cjca,20220764
jhhc,20225803
cggj,20223167
bijd,20221475
bhbi,20221928
bjdg,20224253
iadg,20228104
decc,20229301
efgc,20220659
bdhc,20224994
hhej,20223883
fcce,20225827
cfjh,20221196
jgff,20225277
djab,20224985
eaha,20229501
ebaa,20229279
adjb,20226460
feie,20229539
ghhb,20226322
biia,20222964
fcic,20221632
aaab,20220542
jfcf,20222708
bdji,20226802
eicd,20228504
giab,20225446
cafa,20225199
eeih,20222155
gfic,20222557
ggeb,20220757
fjbi,20220001
idbd,20225224
bjej,20226435
eadi,20220122
bhhg,20226087
dcjb,20229313
dfje,20225962
edhd,20221317
djch,20222918
acfi,20224869
jaca,20223619
ggaj,20221308
iggb,20229508
bfef,20220895
bfad,20222472
jeea,20227893
bbfe,20225886
hfgd,20224809
biag,20229074
dbih,20220170
hhib,20228955
fhbg,20226518
geej,20224146
hice,20220238
ieji,20220089
aeeh,20223316
bdda,20229434
ggha,20223278
dceg,20222684
dehh,20225514
ggid,20225877
daga,20220427
eebg,20227388
aggf,20222582
jfaj,20226921
ebec,20222125
edbf,20224466
djbe,20229922
fddi,20225709
jdcd,20220232
aeij,20228514
ihfj,20224783
iaib,20224181
digi,20222321
beig,20223492
gdcc,20221478
cdea,20226651
ieif,20224092
efhf,20224029
eaid,20225074
fcdh,20224613
bgdd,20226936
cdbb,20223931
hjaj,20226450
hagi,20227999
ccib,20222734
gbae,20221567
befh,20222974
jidb,20225942
dghj,20222421
ijge,20226960
fibh,20222542
dgai,20225946
jdhi,20228794
cdgg,20229262
igih,20224478
jbij,20227034
aada,20225324
bhgd,20227379
jcia,20226485
deei,20224695
dijh,20222356
gjac,20226302
fiii,20220261
hjgh,20221918
bjhi,20229237
fcjf,20223925
fica,20228378
igcj,20222662
gagb,20224346
gbfj,20225492
bifb,20222110
acja,20221442
hbif,20229289
ejea,20226035
jiig,20227458
jijj,20223995
icha,20222899
dcbh,20220384
ddgd,20226270
ajie,20227675
jgjh,20227280
ejjf,20229342
dedf,20228460
bjba,20225746
cajc,20229738
cddh,20222628
dbfi,20221765
hacg,20225348
hffa,20221626
abhd,20222416
ijcc,20226417
hdcj,20221226
edee,20222756
aiha,20226900
agej,20222242
bibj,20221211
fecg,20223910
jhji,20226838
idjh,20222314
dggg,20229419
fdid,20223675
bdif,20226676
hegc,20228259
fijb,20223448
cchi,20223843
haaa,20229552
djfg,20222226
caaf,20223259
hcjj,20222960
jdfc,20220137
fhja,20226903
dibd,20227474
jaae,20223710
gdbj,20223974
ihii,20225773
cecf,20224037
hcee,20225376
ehei,20224519
gjjj,20229142
ihbh,20227124
cagd,20220408
hejb,20225255
bajf,20220038
fjhg,20224073
bbgh,20227834
cebc,20225839
jajb,20227489
behd,20224993
eafe,20225141
dfdg,20220184
cija,20223861
fieg,20220569
ahea,20228171
fedj,20227959
gbca,20224376
idec,20229763
ieed,20221713
jdje,20228440
djgj,20226653
bdbe,20227068
aibc,20226531
ddde,20223542
ecda,20223271
hbfg,20224510
ehge,20229820
higg,20222552
agah,20220798
jfbc,20224840
chjj,20225350
jhbe,20225290
beee,20225153
hjbc,20223583
ghdj,20227927
hgge,20227761
adhf,20220282
bcie,20221118
fgee,20221379
egjc,20222739
gjga,20229670
afei,20228348
ifig,20228579
ejai,20222820
giif,20226324
jfeb,20226750
ffhc,20220650
dfah,20227193
ibai,20228019
ccej,20222156
dcae,20220952
gaih,20226527
cged,20227457
iafc,20223763
jcdf,20227107
ebff,20229662
ccje,20220732
gffd,20229489
jfjg,20224267
iebe,20220984
ceeb,20228354
aijg,20221914
faei,20220453
ebhb,20221694
jgcg,20222593
cghc,20220402
ahbb,20229792
jeic,20225013
geba,20223290
gifg,20229488
icid,20226112
cbia,20220938
feaa,20223589
djji,20220287
cfie,20225463
gegf,20223565
dfib,20222721
ciih,20224122
adca,20229709
iceb,20225445
gcaf,20223567
ceid,20222458
aafg,20225821
jgaa,20223648
icfe,20227988
bcbd,20222185
gfbb,20221085
igad,20226197
jbfa,20229581
hgei,20222966
efbh,20226745
acad,20225762
hedd,20223993
jeai,20222372
igbg,20226262
ibce,20227969
gied,20229551
icgh,20220939
ijag,20221394
ccah,20220725
gida,20223331
fbcd,20227703
caij,20225201
gecd,20223151
ecgj,20226762
ddbi,20220117
hebh,20229637
abbf,20228224
jedh,20227038
jffe,20229343
jiac,20221795
jcbj,20227103
jdib,20223601
jcag,20222310
afbj,20226702
cade,20224341
eiej,20225550
ccfc,20221288
bfdc,20222229
hihj,20220072
bbbc,20223854
ijfb,20226289
hfeh,20229604
bbaj,20220702
jccc,20221887
jjgb,20222060
abac,20223532
aabe,20226828
cbge,20222954
ffji,20220428
ibgg,20226252
eiib,20221925
fbdg,20228491
fhef,20229550
bace,20224653
ggcf,20223552
jhab,20222590
fhcj,20226275
cbfb,20220949
hdgb,20224393
ijbj,20229293
effj,20225364
bbdi,20225389
fage,20225086
ibjf,20224644
baai,20225096
eeef,20225887
ggdi,20222082
fajd,20227207
ijei,20224407
geib,20221408
ibea,20225374
bchb,20224224
fhfi,20225124
hcac,20229265
jbhg,20225311
facc,20222798
ecif,20224339
djif,20228033
efdd,20227756
hbbe,20221890
fhhe,20223284
hefj,20221879
acih,20228220
fgci,20228449
cgab,20223416
ebdj,20220531
eajg,20227695
addd,20221619
bdch,20227145
gddf,20223514
jdej,20228209
ahdh,20227203
ggjg,20226002
ebcg,20221593
bjje,20225325
iegj,20225330
gdfb,20227621
cigb,20228294
gaad,20222886
hjha,20229651
giji,20223227
haie,20228631
daee,20224078
jjef,20225767
iccf,20227085
jehj,20222099
eddb,20220214
ifci,20229016
ciad,20226223
icbc,20224229
hijf,20222033
gchg,20224627
heca,20226870
ifbf,20224256
dcdd,20227868
eije,20229179
fgjj,20222970
ache,20224912
jabh,20225336
jgdj,20226011
gjci,20224157
fehb,20221828
dhjg,20228103
hehf,20224318
accj,20228834
dfba,20225963
ghcg,20221004
cjgc,20226968
hbab,20225960
bhcb,20227710
hhhi,20228810
dhid,20226491
djhc,20224580
gcjc,20225009
iacd,20225865
iagf,20227983
ahhj,20222076
bjgf,20222761
eiba,20229471
jcjd,20221874
diaa,20224455
eihi,20227082
edac,20225385
fbej,20228037
dbbg,20227854
hgjd,20228041
adii,20229494
cdjf,20223618
aefa,20225522
gbbh,20222838
hcig,20225280
egeh,20225237
gdjd,20227059
jbaf,20224832
jahf,20223318
jagc,20227889
cief,20229155
jhif,20228073
afag,20222130
gigj,20226003
egaf,20221208
ihjb,20222173
dhgh,20221746
jjdc,20229139
jddg,20229890
dhfe,20225402
gcbi,20223273
gfgg,20224202
djed,20228941
fihf,20229524
hdja,20220189
hgfb,20226826
hhah,20223419
hhje,20225895
cfec,20223342
jjcj,20220912
fhih,20226232
efjb,20223998
iiij,20225881
cfaa,20226332
gcij,20226416
edjj,20220462
icaj,20228985
ebgi,20228233
bhaf,20221912
egde,20220249
aieb,20224825
bffi,20227615
ecji,20222157
jbjc,20223031
cbjd,20229984
iehc,20224758
acef,20221558
iffh,20226214
ecch,20225949
adfj,20222497
gjhd,20229266
gcde,20229555
jcei,20225684
geah,20224165
ccdg,20223727
cjeg,20225884
jafj,20222782
jejf,20227852
iddj,20221684
hbji,20225659
bfih,20226901
egcb,20223249
ebbd,20226951
ddcb,20225624
hcbf,20224804
cgfg,20222922
fchj,20220717
aede,20226583
hifd,20223781
hjeb,20227116
dhaj,20224371
jebb,20224590
idie,20225950
jifh,20225732
fjaf,20222169
cgda,20224480
dgdh,20223323
diie,20220263
gaja,20222188
bcdj,20222639
fcea,20225442
ghff,20221364
bjib,20228615
cdce,20225132
bgbh,20220997
hfij,20223894
hdef,20221862
ihhf,20224481
jfdi,20225293
ifdb,20221861
deag,20226070
jiga,20223568
adae,20221382
hjid,20221337
ijjd,20223561
abjj,20220704
gbhf,20227885
ffab,20224784
gabg,20221519
fgga,20223960
iaah,20225332
gihc,20220358
jcfb,20222719
ifee,20220474
ghgi,20221022
aaif,20223368
fjij,20226411
agcd,20226841
defb,20223392
hibb,20223541
caeh,20227372
dadb,20229021
bded,20220621
hcga,20225239
ibbb,20227724
gefc,20220641
hgia,20229994
bafd,20225674
iaje,20224200
hbda,20224381
aaji,20229547
ebie,20220991
adbh,20227802
gggh,20226861
dbdc,20224948
fbhi,20224715
bcjh,20220419
faag,20220671
heae,20228557
abci,20223593
cjbh,20222293
gdge,20226363
hhgf,20222790
ijia,20220381
iiaf,20224714
iaej,20227806
gacj,20222777
gjdb,20229513
aejc,20227274
ihae,20222491
hiea,20225533
fdaj,20221807
hbch,20223076
dcii,20224022
chbf,20221767
gdei,20228169
fjgd,20227138
ibfd,20224060
aehg,20221303
bfbg,20225858
ggbc,20226797
dgea,20225504
ieda,20222138
cedi,20229628
cejg,20222866
hdbg,20222437
fdfe,20228395
gfhj,20222774
jibf,20228914
hfhg,20227819
geje,20221005
jfgh,20229682
hiai,20221511
hchd,20228187
igfi,20226399
baea,20227815
cgif,20223586
afcc,20226545
dgic,20227029
cicj,20221501
gfce,20225781
fhad,20225412
ijhh,20221139
dfgf,20222146
fegi,20220945
ggfe,20227566
dgce,20227309
ejfd,20229991
jgec,20228543
jici,20227841
ffch,20220696
bagg,20224743
ehia,20220201
aach,20228237
gafi,20226780
eigf,20226688
ceha,20229253
bbha,20220385
debj,20221291
habd,20223789
hcci,20223013
ihdd,20225298
cidc,20226981
eidg,20225263
ahai,20224957
fbfc,20222313
echc,20227463
bgii,20224768
bicc,20220166
bfcj,20222758
ddjc,20227313
hiic,20229598
ffif,20223057
ehag,20221390
fhgb,20227702
iahi,20227617
bebf,20222460
dege,20229761
eecj,20225112
bccg,20228181
ehhh,20222459
ghie,20222284
hadj,20227032
jdgf,20221831
ddfa,20222856
idaa,20221481
jbde,20228637
fffg,20229826
hgdf,20226333
jghb,20226078
jiee,20223230
eead,20220318
aidi,20229347
efii,20225596
iigd,20224516
dafh,20229300
acdc,20220000
abdb,20225717
gbgc,20221991
igja,20227787
jihd,20223649
dihb,20221471
efeg,20220617
baic,20229770
ahgg,20224964
feff,20228458
daac,20225129
chee,20229939
chdb,20229443
egij,20223743
aahc,20224672
jjja,20228263
haec,20227909
cdic,20220888
ccgf,20223942
gibe,20220172
gfdh,20223061
aegd,20225320
hidh,20221669
hjjg,20223000
abee,20224031
gahe,20227371
dbcj,20223378
bbid,20229905
figc,20222382
eifc,20226985
adeg,20220268
heii,20221411
fcgg,20227589
ffbe,20227395
ehbj,20222081
gich,20227700
egbi,20220069
hfcb,20223917
iheg,20220446
fdbc,20223117
iaba,20229500
faia,20223409
fcai,20229070
cjjb,20225441
chga,20225356
jfid,20220925
bfhe,20222038
cjfj,20225868
fjjc,20228916
hgcc,20229154
bfja,20228566
ifga,20222331
iijc,20229959
ahce,20223731
aigh,20220718
hgbj,20227744
bheh,20222048
dcca,20220030
cfhb,20225964
ejce,20222065
bghf,20225075
ajec,20225346
eced,20223856
ajff,20224575
dbef,20223312
fejh,20229150
gjbf,20224400
fjde,20224608
hhcd,20222789
dfcd,20229597
hfbi,20226370
dbhe,20229386
fcfd,20228527
ffda,20226108
eggd,20228908
hbed,20220524
ibdh,20224364
jgie,20227962
gfai,20227343
ejgg,20226261
daci,20220241
jchh,20220034
ehcc,20228261
aecb,20225564
gbii,20226871
idcg,20221200
cabi,20228660
ceaj,20226791
dhha,20222641
aaed,20224980
ahic,20225240
ajgi,20221441
eiah,20227829
iibi,20229281
feec,20224913
fdjg,20220690
fahh,20223296
cjae,20223413
cbdf,20229244
diff,20229690
eghg,20220439
edci,20222624
abfh,20227891
fbib,20221896
eabc,20221814
ffed,20228879
efae,20225077
bige,20229600
diec,20223198
